id,name,email,pet_name
1,Teresa Burton,tburton0@microsoft.com,Teresa
2,Matthew Lynch,mlynch1@uiuc.edu,Matthew
3,Phillip Jackson,pjackson2@google.cn,Phillip
4,Todd Stanley,tstanley3@wordpress.org,Todd
5,Beverly Diaz,bdiaz4@taobao.com,Beverly
6,Kenneth Lee,klee5@amazon.de,Kenneth
7,Edward Hayes,ehayes6@clickbank.net,Edward
8,Julie Vasquez,jvasquez7@creativecommons.org,Julie
9,Norma Knight,nknight8@is.gd,Norma
10,Jesse Stone,jstone9@constantcontact.com,Jesse
11,Betty Armstrong,barmstronga@illinois.edu,Betty
12,Theresa Reed,treedb@google.cn,Theresa
13,Ernest Robinson,erobinsonc@webnode.com,Ernest
14,Michael Nelson,mnelsond@feedburner.com,Michael
15,Jack Gardner,jgardnere@ezinearticles.com,Jack
16,Harry Knight,hknightf@dmoz.org,Harry
17,Irene Montgomery,imontgomeryg@kickstarter.com,Irene
18,Julie Shaw,jshawh@yahoo.com,Julie
19,Debra Gilbert,dgilberti@mozilla.com,Debra
20,George Jenkins,gjenkinsj@tuttocitta.it,George
21,Joyce Peterson,jpetersonk@webs.com,Joyce
22,Wayne Burke,wburkel@technorati.com,Wayne
23,Michelle Marshall,mmarshallm@springer.com,Michelle
24,Clarence Bennett,cbennettn@bbc.co.uk,Clarence
25,Jessica Perez,jperezo@ask.com,Jessica
26,Peter Ray,prayp@cisco.com,Peter
27,Russell Wells,rwellsq@meetup.com,Russell
28,Kenneth Carpenter,kcarpenterr@last.fm,Kenneth
29,Henry Fernandez,hfernandezs@issuu.com,Henry
30,Henry Ferguson,hfergusont@joomla.org,Henry
31,Tammy Mendoza,tmendozau@drupal.org,Tammy
32,Heather Howell,hhowellv@alibaba.com,Heather
33,Heather Carter,hcarterw@google.co.uk,Heather
34,Kathy Watkins,kwatkinsx@posterous.com,Kathy
35,Cheryl Flores,cfloresy@bandcamp.com,Cheryl
36,Cheryl Alvarez,calvarezz@answers.com,Cheryl
37,Anna Palmer,apalmer10@creativecommons.org,Anna
38,Jose Rice,jrice11@hexun.com,Jose
39,Amanda Cook,acook12@ebay.com,Amanda
40,Annie Johnson,ajohnson13@chronoengine.com,Annie
41,Benjamin Greene,bgreene14@house.gov,Benjamin
42,Anthony Gomez,agomez15@marriott.com,Anthony
43,Brenda Lynch,blynch16@freewebs.com,Brenda
44,Nancy Schmidt,nschmidt17@utexas.edu,Nancy
45,Sarah Lawson,slawson18@meetup.com,Sarah
46,Christina Burke,cburke19@1und1.de,Christina
47,Juan Foster,jfoster1a@reuters.com,Juan
48,Willie Nichols,wnichols1b@typepad.com,Willie
49,Roy Gonzales,rgonzales1c@npr.org,Roy
50,Sandra Kim,skim1d@so-net.ne.jp,Sandra
51,Jonathan Gilbert,jgilbert1e@spiegel.de,Jonathan
52,Ernest Hicks,ehicks1f@friendfeed.com,Ernest
53,Wanda Rivera,wrivera1g@multiply.com,Wanda
54,Annie Lane,alane1h@tinypic.com,Annie
55,Samuel Hamilton,shamilton1i@mlb.com,Samuel
56,Daniel Hansen,dhansen1j@cbsnews.com,Daniel
57,Brian Campbell,bcampbell1k@state.tx.us,Brian
58,Bruce Young,byoung1l@123-reg.co.uk,Bruce
59,Joan Lane,jlane1m@archive.org,Joan
60,Richard Lopez,rlopez1n@indiatimes.com,Richard
61,Angela Rogers,arogers1o@flickr.com,Angela
62,Billy Rose,brose1p@homestead.com,Billy
63,Brian Murphy,bmurphy1q@ca.gov,Brian
64,William Schmidt,wschmidt1r@networksolutions.com,William
65,Steve Duncan,sduncan1s@earthlink.net,Steve
66,Elizabeth Reynolds,ereynolds1t@etsy.com,Elizabeth
67,Douglas Porter,dporter1u@cyberchimps.com,Douglas
68,Shirley Payne,spayne1v@sina.com.cn,Shirley
69,Jessica Hudson,jhudson1w@nyu.edu,Jessica
70,Donald Kim,dkim1x@spiegel.de,Donald
71,Teresa Duncan,tduncan1y@state.gov,Teresa
72,Keith Hayes,khayes1z@yahoo.com,Keith
73,Nicole Chavez,nchavez20@hc360.com,Nicole
74,Louise Burton,lburton21@japanpost.jp,Louise
75,Christine Sullivan,csullivan22@chron.com,Christine
76,Joan Myers,jmyers23@hud.gov,Joan
77,Brandon Lane,blane24@bloglovin.com,Brandon
78,Benjamin Fuller,bfuller25@china.com.cn,Benjamin
79,Susan Garrett,sgarrett26@twitter.com,Susan
80,Joshua Kennedy,jkennedy27@chicagotribune.com,Joshua
81,Kenneth Scott,kscott28@list-manage.com,Kenneth
82,Jimmy Cook,jcook29@howstuffworks.com,Jimmy
83,Larry Matthews,lmatthews2a@gmpg.org,Larry
84,Justin Wilson,jwilson2b@cam.ac.uk,Justin
85,Jacqueline Ray,jray2c@nsw.gov.au,Jacqueline
86,Jonathan Stone,jstone2d@flavors.me,Jonathan
87,Ashley Hill,ahill2e@comcast.net,Ashley
88,Albert Snyder,asnyder2f@house.gov,Albert
89,Robert Morrison,rmorrison2g@paypal.com,Robert
90,Louise Harris,lharris2h@parallels.com,Louise
91,Kevin Lawrence,klawrence2i@xing.com,Kevin
92,Billy Ford,bford2j@histats.com,Billy
93,Billy Robinson,brobinson2k@wisc.edu,Billy
94,Randy Banks,rbanks2l@jiathis.com,Randy
95,Sharon Hicks,shicks2m@businesswire.com,Sharon
96,Elizabeth Daniels,edaniels2n@youtube.com,Elizabeth
97,Jason Elliott,jelliott2o@umich.edu,Jason
98,Chris Mason,cmason2p@t-online.de,Chris
99,Michelle Martin,mmartin2q@washington.edu,Michelle
100,Rebecca Lopez,rlopez2r@google.de,Rebecca
