id,phone_number,email,job
1,62-(938)751-5723,rhansen0@bloglines.com,Recruiter
2,81-(194)336-1838,astewart1@webmd.com,Speech Pathologist
3,62-(685)328-7331,mjohnston2@linkedin.com,Accounting Assistant IV
4,27-(667)769-5491,rturner3@irs.gov,Graphic Designer
5,86-(135)243-3972,rmurphy4@cnet.com,Senior Financial Analyst
6,55-(431)998-7374,rfuller5@live.com,Quality Engineer
7,54-(737)424-4755,phart6@redcross.org,Sales Associate
8,86-(956)350-7125,rellis7@businessinsider.com,Analog Circuit Design manager
9,967-(646)122-6747,mlarson8@washingtonpost.com,Analog Circuit Design manager
10,351-(280)292-3417,efranklin9@freewebs.com,Technical Writer
11,998-(632)578-4440,jlittlea@wiley.com,Accounting Assistant I
12,86-(146)666-4849,wwilliamsonb@so-net.ne.jp,Paralegal
13,62-(312)974-5621,sreynoldsc@jugem.jp,Safety Technician II
14,62-(784)632-7707,philld@cornell.edu,Business Systems Development Analyst
15,86-(539)712-9747,rcolemane@vistaprint.com,Graphic Designer
16,54-(291)645-7641,cmorrisonf@ucla.edu,GIS Technical Architect
17,355-(537)245-2702,twallaceg@mail.ru,Research Assistant I
18,55-(700)856-4028,jsnyderh@etsy.com,Environmental Tech
19,7-(723)421-6233,acunninghami@joomla.org,Occupational Therapist
20,64-(248)856-1641,dreyesj@pagesperso-orange.fr,Electrical Engineer
21,62-(294)754-6234,adeank@goo.ne.jp,Media Manager I
22,46-(875)491-3773,cwestl@psu.edu,Social Worker
23,86-(256)860-0382,lwellsm@illinois.edu,Social Worker
24,380-(604)337-9698,kmasonn@who.int,Director of Sales
25,7-(927)417-0783,amarshallo@mit.edu,Registered Nurse
26,86-(644)748-5313,phenryp@about.com,Librarian
27,92-(858)269-8343,dwatkinsq@msn.com,Food Chemist
28,63-(996)432-0355,jperryr@oaic.gov.au,VP Product Management
29,7-(699)173-2791,ageorges@livejournal.com,VP Marketing
30,7-(288)829-3791,mrosst@apple.com,Developer I
31,55-(766)159-6216,jgrantu@google.com,Civil Engineer
32,86-(501)952-8466,sburkev@joomla.org,Web Designer III
33,86-(346)818-1078,ahudsonw@fda.gov,Food Chemist
34,7-(667)633-7171,srobertsonx@wsj.com,Data Coordiator
35,48-(902)864-7468,cjohnstony@symantec.com,Human Resources Assistant I
36,351-(400)846-3970,etuckerz@merriam-webster.com,Administrative Assistant I
37,86-(293)895-1532,showell10@cam.ac.uk,Actuary
38,351-(384)220-4319,sjackson11@fda.gov,VP Quality Control
39,46-(782)449-6111,iyoung12@123-reg.co.uk,Administrative Officer
40,46-(392)303-3720,lpayne13@pen.io,Professor
41,86-(562)490-9358,jreyes14@discovery.com,Food Chemist
42,502-(116)542-5754,cburton15@rediff.com,Compensation Analyst
43,221-(530)533-8420,mwilliams16@newsvine.com,Automation Specialist II
44,48-(780)258-4497,khansen17@w3.org,Registered Nurse
45,46-(899)260-5959,smurphy18@spotify.com,Software Engineer IV
46,66-(823)702-7265,kgutierrez19@de.vu,Compensation Analyst
47,86-(823)977-3968,tcarr1a@uol.com.br,Statistician I
48,46-(403)529-6938,rwhite1b@printfriendly.com,Marketing Assistant
49,389-(978)158-1764,kpeters1c@wisc.edu,Software Engineer II
50,51-(228)294-6984,rwatson1d@skyrock.com,Librarian
51,86-(355)886-5544,sharrison1e@archive.org,Pharmacist
52,86-(975)844-2300,rmurphy1f@csmonitor.com,Help Desk Operator
53,54-(460)903-5382,psimmons1g@biblegateway.com,Civil Engineer
54,86-(991)267-5376,rcarr1h@abc.net.au,Teacher
55,94-(635)182-5499,mtucker1i@plala.or.jp,Editor
56,355-(361)223-1369,rtaylor1j@sphinn.com,Financial Analyst
57,46-(866)506-8035,dchavez1k@yandex.ru,Account Representative II
58,380-(961)602-0901,lbarnes1l@goo.gl,Executive Secretary
59,62-(143)742-3580,lburns1m@ucoz.com,Speech Pathologist
60,502-(312)868-4385,mbryant1n@twitpic.com,VP Marketing
