id,phone_number,job
1,359-(751)609-6396,Senior Editor
2,677-(381)424-0568,Project Manager
3,86-(605)236-5639,Environmental Specialist
4,33-(324)540-5812,VP Product Management
5,52-(753)205-2098,Health Coach III
6,86-(100)173-5872,Senior Developer
7,66-(445)435-4283,Technical Writer
8,55-(270)706-5944,Mechanical Systems Engineer
9,86-(752)722-0345,Desktop Support Technician
10,46-(703)391-1147,VP Sales
11,51-(605)306-1481,Software Test Engineer IV
12,1-(708)438-3264,Dental Hygienist
13,86-(115)690-2176,Chemical Engineer
14,380-(423)810-6611,Geological Engineer
15,251-(413)358-3250,Operator
16,62-(658)253-3366,Tax Accountant
17,60-(432)141-3958,VP Marketing
18,998-(569)565-7154,Administrative Officer
19,251-(552)141-8183,Financial Advisor
20,60-(277)480-9483,Marketing Assistant
21,235-(202)921-2709,Physical Therapy Assistant
22,86-(700)136-4907,Design Engineer
23,86-(570)178-2468,Clinical Specialist
24,234-(699)328-4435,Nuclear Power Engineer
25,63-(343)365-5523,Nurse Practicioner
26,86-(235)981-0969,Human Resources Manager
27,7-(563)928-2840,Project Manager
28,66-(487)875-4270,Automation Specialist IV
29,86-(839)349-5177,Mechanical Systems Engineer
30,380-(854)406-9684,Account Representative III
31,33-(560)363-9062,Accounting Assistant III
32,504-(359)855-8232,Registered Nurse
33,86-(208)335-4077,Structural Engineer
34,33-(387)163-8076,Media Manager II
35,86-(226)669-2047,Assistant Media Planner
36,86-(948)157-2425,Marketing Manager
37,380-(731)679-3380,Environmental Tech
38,255-(514)607-9109,Electrical Engineer
39,86-(740)565-6497,Internal Auditor
40,255-(993)948-8201,Project Manager
41,234-(448)514-2797,Research Associate
42,992-(943)119-5902,Payment Adjustment Coordinator
43,225-(761)192-4546,Environmental Tech
44,62-(460)569-1877,Software Consultant
45,62-(871)378-4984,Senior Financial Analyst
46,86-(369)260-6164,General Manager
47,62-(738)858-5678,Analog Circuit Design manager
48,52-(290)662-4876,Project Manager
49,7-(257)453-6859,Paralegal
50,86-(628)996-0460,VP Quality Control
51,52-(991)368-7047,Account Coordinator
52,63-(752)418-4195,Software Test Engineer I
53,62-(274)447-1144,Technical Writer
54,1-(992)282-1765,Health Coach I
55,63-(646)509-9581,Financial Analyst
56,223-(867)352-2678,Associate Professor
57,86-(523)401-9214,Project Manager
58,46-(968)895-2539,Financial Analyst
59,359-(417)443-7871,Chemical Engineer
60,7-(225)952-9525,Analog Circuit Design manager
