id,name,email,taxes_paid
1,Wanda Rose,wrose0@tinypic.com,$3817.63
2,Terry Hart,thart1@boston.com,$3559.75
3,Sharon Russell,srussell2@seesaa.net,$3292.23
4,Brandon Payne,bpayne3@imgur.com,$1564.51
5,Margaret Olson,molson4@tiny.cc,$3764.67
6,Martha King,mking5@mediafire.com,$4626.48
7,Scott Dixon,sdixon6@howstuffworks.com,$778.42
8,Bobby Holmes,bholmes7@umich.edu,$2636.21
9,Harold Alvarez,halvarez8@netscape.com,$4407.92
10,Judith Simmons,jsimmons9@eepurl.com,$2201.44
11,Marie Williamson,mwilliamsona@constantcontact.com,$4746.29
12,Howard Mcdonald,hmcdonaldb@163.com,$2856.88
13,Amy Moore,amoorec@chicagotribune.com,$142.12
14,Katherine Black,kblackd@cdbaby.com,$4426.89
15,Kelly Black,kblacke@cbslocal.com,$445.18
16,Jean Stewart,jstewartf@mit.edu,$3777.11
17,Craig Harper,charperg@elegantthemes.com,$2121.95
18,Sean Williamson,swilliamsonh@exblog.jp,$3688.55
19,Todd Lopez,tlopezi@hexun.com,$768.03
20,Teresa Patterson,tpattersonj@tuttocitta.it,$4062.08
21,Christina Cunningham,ccunninghamk@hud.gov,$4713.52
22,Joyce Harper,jharperl@chicagotribune.com,$3781.97
23,Robert Turner,rturnerm@springer.com,$2887.53
24,Antonio Flores,afloresn@prnewswire.com,$3099.91
25,Juan Simmons,jsimmonso@exblog.jp,$732.62
26,Adam Watkins,awatkinsp@bloglovin.com,$4076.22
27,Emily Ruiz,eruizq@nature.com,$2398.12
28,Kathryn Flores,kfloresr@eventbrite.com,$3833.96
29,Frank Palmer,fpalmers@1688.com,$2944.88
30,Gary Smith,gsmitht@jigsy.com,$2785.63
31,Julie Richardson,jrichardsonu@meetup.com,$2376.27
32,Larry Scott,lscottv@abc.net.au,$2038.24
33,Rebecca Gonzalez,rgonzalezw@linkedin.com,$822.81
34,Sarah Grant,sgrantx@utexas.edu,$2714.98
35,Albert Garrett,agarretty@ftc.gov,$2854.38
36,Sean Dunn,sdunnz@msn.com,$1800.86
37,Janice Walker,jwalker10@weebly.com,$838.42
38,Earl Wells,ewells11@wired.com,$2792.00
39,Kevin Roberts,kroberts12@odnoklassniki.ru,$3443.40
40,Julie Simpson,jsimpson13@skype.com,$3248.86
41,Matthew Simpson,msimpson14@facebook.com,$187.57
42,Anthony Vasquez,avasquez15@google.co.jp,$4346.82
43,Anthony Thomas,athomas16@cbslocal.com,$3185.87
44,Patricia Duncan,pduncan17@blogger.com,$2101.79
45,Stephanie Turner,sturner18@twitpic.com,$764.62
46,Randy Andrews,randrews19@icq.com,$2191.69
47,Amy Richardson,arichardson1a@usa.gov,$2209.43
48,Eugene Watkins,ewatkins1b@fastcompany.com,$1841.30
49,Joyce Murray,jmurray1c@thetimes.co.uk,$1303.52
50,John Long,jlong1d@answers.com,$3608.37
51,Beverly Sullivan,bsullivan1e@globo.com,$2971.73
52,Larry Baker,lbaker1f@sbwire.com,$4824.71
53,Edward Griffin,egriffin1g@simplemachines.org,$4466.17
54,Frank Daniels,fdaniels1h@stanford.edu,$844.55
55,Paula Flores,pflores1i@canalblog.com,$4888.50
56,Stephanie Fox,sfox1j@kickstarter.com,$2496.83
57,Theresa Fields,tfields1k@elegantthemes.com,$58.30
58,Shirley Anderson,sanderson1l@creativecommons.org,$141.22
59,Mildred Hughes,mhughes1m@nydailynews.com,$3430.07
60,Nancy Lynch,nlynch1n@mayoclinic.com,$2269.30
61,Jane Peters,jpeters1o@mac.com,$4528.42
62,Anthony Smith,asmith1p@eventbrite.com,$820.83
63,Robert Owens,rowens1q@lycos.com,$889.72
64,Joseph Gordon,jgordon1r@elegantthemes.com,$2470.28
65,Todd Ray,tray1s@parallels.com,$2585.08
66,Bobby Fernandez,bfernandez1t@state.tx.us,$1207.98
67,Gerald Anderson,ganderson1u@blog.com,$1233.12
68,Sara Ortiz,sortiz1v@dot.gov,$1729.23
69,Donald Lane,dlane1w@simplemachines.org,$165.45
70,Catherine Richardson,crichardson1x@aboutads.info,$4059.23
71,Kathleen Boyd,kboyd1y@paypal.com,$231.65
72,Susan James,sjames1z@sakura.ne.jp,$4289.34
73,Ashley Garcia,agarcia20@opera.com,$455.19
74,Walter Marshall,wmarshall21@sina.com.cn,$2315.37
75,Victor Meyer,vmeyer22@scribd.com,$1577.56
76,Jean Griffin,jgriffin23@nbcnews.com,$2330.92
77,Eric Schmidt,eschmidt24@edublogs.org,$179.96
78,Marilyn Snyder,msnyder25@narod.ru,$695.29
79,Jessica Hudson,jhudson26@weibo.com,$3547.20
80,Samuel Austin,saustin27@ucoz.com,$2167.80
81,Shirley Brown,sbrown28@nyu.edu,$3429.40
82,Howard Garcia,hgarcia29@psu.edu,$3415.80
83,Karen Holmes,kholmes2a@bing.com,$552.12
84,Kelly Stewart,kstewart2b@ca.gov,$1870.57
85,Jean Perez,jperez2c@cloudflare.com,$2168.02
86,Sandra Garza,sgarza2d@wufoo.com,$1077.65
87,Sean Harrison,sharrison2e@zdnet.com,$346.19
88,Dorothy Cole,dcole2f@cbslocal.com,$914.00
89,Angela Powell,apowell2g@nps.gov,$302.72
90,Ronald Schmidt,rschmidt2h@stanford.edu,$4198.26
91,Jeffrey Lawrence,jlawrence2i@usnews.com,$4710.38
92,Kathy Nichols,knichols2j@ca.gov,$2958.99
93,Clarence Carter,ccarter2k@1und1.de,$4900.26
94,Julie Romero,jromero2l@nsw.gov.au,$4311.95
95,Melissa Wilson,mwilson2m@cafepress.com,$1825.99
96,Sara Kelley,skelley2n@macromedia.com,$807.25
97,Laura Payne,lpayne2o@mtv.com,$1571.88
98,Johnny Hudson,jhudson2p@soundcloud.com,$1175.00
99,Donna Hayes,dhayes2q@ftc.gov,$2708.62
100,Ashley Myers,amyers2r@rakuten.co.jp,$4807.41
101,Jessica Austin,jaustin2s@addtoany.com,$2541.94
102,Howard Brown,hbrown2t@icio.us,$4064.11
103,Sarah Rogers,srogers2u@jimdo.com,$2212.34
104,Judith Ray,jray2v@sitemeter.com,$2268.16
105,Jesse Peterson,jpeterson2w@google.ca,$3112.91
106,Scott Bishop,sbishop2x@liveinternet.ru,$1401.81
107,Amanda Phillips,aphillips2y@networksolutions.com,$131.01
108,Randy Rivera,rrivera2z@paypal.com,$2779.68
109,Donald Ward,dward30@photobucket.com,$1456.17
110,Lori Dunn,ldunn31@pinterest.com,$777.97
111,Phyllis Richardson,prichardson32@nature.com,$371.18
112,Amy Miller,amiller33@wired.com,$2636.04
113,Michelle Collins,mcollins34@artisteer.com,$876.82
114,Craig Chapman,cchapman35@deliciousdays.com,$4344.59
115,Sandra Webb,swebb36@digg.com,$2488.63
116,Benjamin Meyer,bmeyer37@tamu.edu,$2506.13
117,Karen Berry,kberry38@columbia.edu,$1701.55
118,Robin Wheeler,rwheeler39@cbsnews.com,$1698.84
119,Jeremy Ramos,jramos3a@hugedomains.com,$1277.83
120,Fred Walker,fwalker3b@discuz.net,$809.86
121,Ruby Jacobs,rjacobs3c@nytimes.com,$2575.41
122,Rachel Peters,rpeters3d@arstechnica.com,$1695.90
123,Sarah Bell,sbell3e@upenn.edu,$3871.08
124,Kelly Cook,kcook3f@ox.ac.uk,$1207.45
125,Kenneth Moore,kmoore3g@google.ru,$4336.43
126,Mary Dunn,mdunn3h@google.cn,$656.47
127,Martha Williams,mwilliams3i@unesco.org,$1208.08
128,Laura Daniels,ldaniels3j@unc.edu,$4712.66
129,Julia Warren,jwarren3k@pbs.org,$2404.03
130,Paula Reed,preed3l@nih.gov,$864.22
131,Helen Fernandez,hfernandez3m@vinaora.com,$1346.87
132,Robert Lane,rlane3n@comsenz.com,$148.64
133,Jeffrey Williams,jwilliams3o@multiply.com,$300.71
134,Michael Simmons,msimmons3p@mit.edu,$4951.91
135,Barbara Ramirez,bramirez3q@people.com.cn,$4970.95
136,Jerry Russell,jrussell3r@washington.edu,$4336.57
137,Judith Young,jyoung3s@taobao.com,$4224.15
138,Keith Chapman,kchapman3t@furl.net,$943.39
139,Thomas Gordon,tgordon3u@biglobe.ne.jp,$4915.80
140,Christine Wood,cwood3v@prweb.com,$955.02
141,Victor Mendoza,vmendoza3w@bbb.org,$122.30
142,Karen Williamson,kwilliamson3x@unblog.fr,$182.76
143,Melissa Lynch,mlynch3y@bluehost.com,$2765.54
144,Kimberly Harrison,kharrison3z@amazonaws.com,$1351.20
145,Marie Brown,mbrown40@who.int,$1072.56
146,Kimberly Moore,kmoore41@usatoday.com,$2309.49
147,Angela Gonzalez,agonzalez42@163.com,$21.44
148,Bruce Garcia,bgarcia43@rakuten.co.jp,$4306.38
149,Shawn Schmidt,sschmidt44@free.fr,$2421.30
150,Harold Austin,haustin45@gmpg.org,$31.76
151,Paul Russell,prussell46@nasa.gov,$3913.04
152,Alan Elliott,aelliott47@hhs.gov,$665.74
153,Susan Rice,srice48@europa.eu,$3511.11
154,Shawn Taylor,staylor49@nymag.com,$2433.07
155,Aaron Black,ablack4a@t.co,$130.04
156,Clarence Graham,cgraham4b@comsenz.com,$1970.03
157,Anthony Knight,aknight4c@sina.com.cn,$4160.45
158,Edward Gordon,egordon4d@unblog.fr,$132.89
159,Keith Allen,kallen4e@cbsnews.com,$1851.66
160,Ruth Wright,rwright4f@mlb.com,$1711.12
161,Brenda Peters,bpeters4g@plala.or.jp,$316.84
162,Kimberly Mcdonald,kmcdonald4h@fastcompany.com,$3762.84
163,Norma Lewis,nlewis4i@answers.com,$932.36
164,Susan Rose,srose4j@sitemeter.com,$326.91
165,Tammy James,tjames4k@howstuffworks.com,$3313.59
166,Heather Baker,hbaker4l@weather.com,$84.67
167,Karen Jackson,kjackson4m@vkontakte.ru,$309.92
168,Joyce Ramos,jramos4n@artisteer.com,$3247.61
169,Debra Gutierrez,dgutierrez4o@linkedin.com,$1591.50
170,Christopher Price,cprice4p@amazon.de,$1920.95
171,Elizabeth Harrison,eharrison4q@reuters.com,$1514.45
172,John King,jking4r@joomla.org,$706.68
173,Irene Adams,iadams4s@springer.com,$962.44
174,Steve Wilson,swilson4t@skyrock.com,$1364.25
175,Bruce Arnold,barnold4u@addthis.com,$2596.11
176,Brenda Fernandez,bfernandez4v@newsvine.com,$3682.52
177,George Kim,gkim4w@cbc.ca,$3407.16
178,Jason Bryant,jbryant4x@cnet.com,$4338.93
179,Larry Matthews,lmatthews4y@go.com,$68.68
180,Keith Castillo,kcastillo4z@noaa.gov,$183.54
181,Linda Fernandez,lfernandez50@toplist.cz,$4231.04
182,Denise Jacobs,djacobs51@ovh.net,$3723.58
183,Mark Romero,mromero52@omniture.com,$2015.66
184,Annie Kim,akim53@furl.net,$2919.77
185,Alice Nguyen,anguyen54@woothemes.com,$2309.11
186,Angela Fernandez,afernandez55@jugem.jp,$1581.38
187,Lois Burns,lburns56@nature.com,$150.90
188,Barbara Roberts,broberts57@sun.com,$573.51
189,Carol Foster,cfoster58@last.fm,$3492.99
190,Marie Cook,mcook59@nymag.com,$3257.86
191,Adam Richards,arichards5a@vk.com,$258.31
192,Susan Chapman,schapman5b@biglobe.ne.jp,$2836.49
193,Emily Reed,ereed5c@elegantthemes.com,$79.64
194,Doris Wagner,dwagner5d@independent.co.uk,$649.79
195,Cheryl Russell,crussell5e@buzzfeed.com,$3825.97
196,Diane Moreno,dmoreno5f@nba.com,$4873.15
197,Dorothy Dean,ddean5g@deliciousdays.com,$1631.29
198,Evelyn Burns,eburns5h@illinois.edu,$624.24
199,Brandon Hunter,bhunter5i@purevolume.com,$745.57
200,Maria Miller,mmiller5j@vkontakte.ru,$1589.54
