id,first_name,last_name,phone_number
1,Sandra,Schmidt,55-(310)972-5039
2,Carolyn,Patterson,1-(125)358-6636
3,Tammy,Gonzales,62-(429)805-8018
4,Carl,Schmidt,7-(883)788-1931
5,Peter,Ellis,86-(704)992-7685
6,Michelle,Griffin,98-(567)775-3317
7,Sandra,Alexander,62-(613)147-1053
8,Cynthia,Chapman,257-(456)129-1304
9,Jose,Oliver,86-(683)263-4397
10,James,Ryan,504-(820)528-4056
11,Frances,Gordon,93-(112)936-6068
12,James,Payne,63-(291)316-1326
13,Debra,Anderson,62-(331)442-5134
14,Ashley,Hunter,996-(894)622-5720
15,Janice,Crawford,93-(670)651-4416
16,Aaron,Wood,351-(911)817-7965
17,Denise,Bradley,62-(746)923-6795
18,Teresa,Diaz,261-(769)910-7046
19,Donna,Grant,7-(133)808-9297
20,Gerald,Dunn,236-(835)904-9083
21,Bruce,Stevens,55-(410)337-0328
22,James,Stone,7-(909)197-6602
23,Jack,Flores,509-(418)931-0285
24,Earl,Gibson,86-(621)935-6002
25,Irene,Little,242-(236)830-0688
26,Juan,Harper,57-(719)734-4267
27,Joyce,Lynch,86-(574)947-0026
28,Martha,Simpson,7-(537)990-8437
29,Joshua,Mason,53-(248)804-0128
30,Tina,Sims,353-(356)762-3013
