first_name,last_name,email,city,catch_phrase
Christopher,Evans,cevans0@bandcamp.com,Pospelikha,Distributed empowering neural-net
Jesse,Peters,jpeters1@ask.com,Barbudo,Streamlined client-server access
Judy,Chavez,jchavez2@fda.gov,Jinsheng,Implemented 6th generation capability
Wanda,Black,wblack3@cdc.gov,Águas de Lindóia,Grass-roots content-based monitoring
Irene,Little,ilittle4@simplemachines.org,Moravče,Operative homogeneous instruction set
Phillip,Mcdonald,pmcdonald5@hc360.com,Bintawan,Function-based human-resource moratorium
Rebecca,Howard,rhoward6@newyorker.com,Gjinkar,Sharable didactic infrastructure
Adam,Ward,award7@cnn.com,Hongsi,Monitored multimedia contingency
Wayne,Price,wprice8@pinterest.com,Bétérou,Universal multimedia software
Mark,Cox,mcox9@skype.com,Yicheng,Polarised reciprocal budgetary management
Eugene,Larson,elarsona@flickr.com,Banjar Asahduren,Robust global artificial intelligence
Deborah,Fernandez,dfernandezb@indiegogo.com,Emiliano Zapata,Streamlined real-time artificial intelligence
Patrick,Morales,pmoralesc@usatoday.com,Eastern Suburbs Mc,Robust empowering Graphic Interface
Shirley,Perry,sperryd@smugmug.com,Fushan,Self-enabling stable application
Judy,Myers,jmyerse@telegraph.co.uk,Colonia Minga Porá,Multi-layered analyzing success
Brenda,Martinez,bmartinezf@dot.gov,Bolotnoye,Optional multi-state matrices
Ann,Stevens,astevensg@facebook.com,Banjar Buahan,Synchronised 6th generation flexibility
Lillian,Alexander,lalexanderh@feedburner.com,Nova Viçosa,Right-sized stable open architecture
Marie,Banks,mbanksi@census.gov,Ndungu,Multi-tiered high-level pricing structure
Jeffrey,Lee,jleej@list-manage.com,Quintães,Synergistic responsive focus group
Mary,Gilbert,mgilbertk@earthlink.net,Chile Chico,Synergized didactic adapter
Alice,Grant,agrantl@foxnews.com,Santa Cruz,Synergistic context-sensitive support
Norma,Nguyen,nnguyenm@w3.org,Vespasiano,Programmable mission-critical functionalities
Elizabeth,Cooper,ecoopern@nymag.com,Lutomiersk,Ameliorated regional parallelism
Michael,Carroll,mcarrollo@forbes.com,Santa Fe,Down-sized reciprocal local area network
Charles,Medina,cmedinap@businessweek.com,Tengqiao,Configurable foreground paradigm
Heather,White,hwhiteq@sciencedaily.com,Héroumbili,Enterprise-wide didactic neural-net
Teresa,Bishop,tbishopr@tripadvisor.com,Jiaotan,Centralized asymmetric open system
Ann,Jordan,ajordans@virginia.edu,Caomiao,Progressive impactful methodology
Carol,Sanchez,csanchezt@sourceforge.net,Cuchumbaya,Synchronised coherent core
Jack,Mason,jmasonu@upenn.edu,Yingjiang,Synchronised multimedia encoding
Charles,Watson,cwatsonv@blinklist.com,New Orleans,Multi-channelled stable emulation
Brandon,Hamilton,bhamiltonw@youtube.com,Dūkštas,Reactive systemic contingency
Mildred,Thomas,mthomasx@ehow.com,Muff,Reactive optimizing firmware
Sean,Perry,sperryy@youtube.com,Lahat,Integrated secondary solution
Marilyn,Brown,mbrownz@technorati.com,Cincinnati,Configurable radical forecast
Victor,Hudson,vhudson10@chicagotribune.com,Zhongping,Optimized heuristic adapter
Paul,Stone,pstone11@amazon.co.jp,Zekou,Diverse dedicated knowledge user
Harry,Mendoza,hmendoza12@cisco.com,Troitsk,Polarised intermediate service-desk
Phyllis,Bell,pbell13@wisc.edu,Lalagsan,Secured background collaboration
Stephen,Sullivan,ssullivan14@domainmarket.com,Savyntsi,Centralized next generation benchmark
Jonathan,Boyd,jboyd15@opera.com,Jujur,Cross-group eco-centric process improvement
James,Williams,jwilliams16@apache.org,Lankaran,Robust intermediate portal
Shawn,Price,sprice17@theguardian.com,Princeville,Public-key coherent system engine
Eric,Fernandez,efernandez18@who.int,Penelas,Multi-layered composite application
Clarence,Ford,cford19@tinyurl.com,Kristianstad,Right-sized high-level knowledge base
Harry,Hunt,hhunt1a@sohu.com,Jamaica,Open-architected foreground intranet
Earl,Reyes,ereyes1b@barnesandnoble.com,Pereslavl’-Zalesskiy,Synchronised solution-oriented definition
Gerald,Watkins,gwatkins1c@google.pl,Óbidos,Monitored real-time initiative
Douglas,Kim,dkim1d@wired.com,Bala Murghab,Horizontal neutral forecast
Lori,Davis,ldavis1e@mozilla.com,Ilek,Centralized optimal policy
Barbara,Larson,blarson1f@sina.com.cn,Chicago,Proactive intermediate migration
Earl,Reynolds,ereynolds1g@nsw.gov.au,Real,Inverse next generation database
Gary,Gonzales,ggonzales1h@zdnet.com,Huaqiao,Implemented hybrid productivity
Ann,Coleman,acoleman1i@ow.ly,Bulakgebang,Triple-buffered object-oriented methodology
Kathy,Cook,kcook1j@cyberchimps.com,Los Cóndores,Persistent discrete approach
Jean,Cooper,jcooper1k@usnews.com,Hammarö,Visionary 5th generation extranet
Judy,Wells,jwells1l@friendfeed.com,Camagüey,Persevering 3rd generation capability
Mary,Jones,mjones1m@dmoz.org,Neepawa,Profit-focused 24 hour benchmark
Justin,Rice,jrice1n@w3.org,Calamba,Profound tertiary open system
Rachel,Taylor,rtaylor1o@census.gov,Markaz Mudhaykirah,Phased national knowledge base
Jose,Mitchell,jmitchell1p@e-recht24.de,Kandete,Synchronised asynchronous encryption
Deborah,Shaw,dshaw1q@wordpress.com,Agnibilékrou,Future-proofed client-driven info-mediaries
Joe,Bailey,jbailey1r@clickbank.net,Guadalupe,Balanced systemic collaboration
Cynthia,Spencer,cspencer1s@soup.io,Huangwan,Cross-platform exuding info-mediaries
Roger,Armstrong,rarmstrong1t@com.com,Shirbīn,Expanded bi-directional contingency
Steven,Sims,ssims1u@howstuffworks.com,Pavlogradka,Team-oriented intangible workforce
Lisa,Lopez,llopez1v@ucoz.ru,Ad Dilam,Cloned content-based throughput
Nicholas,Duncan,nduncan1w@yahoo.co.jp,Birmingham,Fundamental uniform migration
Judith,Ellis,jellis1x@github.com,Fómeque,Advanced maximized Graphic Interface
Debra,Payne,dpayne1y@symantec.com,Níkaia,Horizontal needs-based protocol
Julie,Freeman,jfreeman1z@icq.com,Orléans,Adaptive real-time architecture
Gloria,Howell,ghowell20@vk.com,Concepción,Face to face stable function
Diana,Carroll,dcarroll21@gov.uk,Sharkawshchyna,Team-oriented logistical success
Theresa,Perkins,tperkins22@addtoany.com,Taraban Timur,Profound upward-trending matrix
Ann,Schmidt,aschmidt23@ebay.co.uk,São Domingos do Maranhão,Inverse next generation artificial intelligence
Lawrence,Hudson,lhudson24@linkedin.com,Dū Laīnah,Managed neutral utilisation
Laura,Alexander,lalexander25@xinhuanet.com,Alegrete,Re-contextualized high-level focus group
Adam,Hunt,ahunt26@1und1.de,Santiago de los Caballeros,Programmable user-facing standardization
Anna,Garrett,agarrett27@tmall.com,Sipoholon,Progressive optimizing neural-net
Kevin,Hunt,khunt28@stanford.edu,Bejucal,Visionary optimal capability
Jeremy,Olson,jolson29@amazon.com,Baton Rouge,Multi-tiered stable local area network
Ruby,Castillo,rcastillo2a@mozilla.com,Ureshino,Configurable disintermediate productivity
Sharon,Henderson,shenderson2b@linkedin.com,Pining,Vision-oriented systematic approach
Edward,Long,elong2c@quantcast.com,Kedungkrajan,Progressive zero defect moderator
Brian,Little,blittle2d@google.ca,General Vedia,Virtual scalable infrastructure
Roy,Reid,rreid2e@ihg.com,Rila,Persistent optimal pricing structure
Albert,Garcia,agarcia2f@addthis.com,Krajan Karanganyar,Phased attitude-oriented archive
Sarah,Knight,sknight2g@imgur.com,Feteira Pequena,Networked neutral customer loyalty
Kathy,Garrett,kgarrett2h@nature.com,Mocímboa,Cloned encompassing budgetary management
Beverly,Cunningham,bcunningham2i@booking.com,Palmas de Monte Alto,Distributed scalable solution
Bonnie,Jordan,bjordan2j@whitehouse.gov,Tall Ḩamīs,Re-engineered neutral encoding
Randy,Welch,rwelch2k@huffingtonpost.com,Chipaque,Exclusive real-time algorithm
Cynthia,Clark,cclark2l@freewebs.com,Trindade,Distributed bifurcated database
Patricia,Washington,pwashington2m@netvibes.com,Lengkeng,Upgradable transitional encoding
Jessica,Harrison,jharrison2n@a8.net,Dapaong,Phased next generation migration
Antonio,Knight,aknight2o@paypal.com,Macaíba,Multi-lateral demand-driven secured line
Shawn,Mills,smills2p@ocn.ne.jp,Andahuaylas,Optimized scalable synergy
Samuel,Gilbert,sgilbert2q@baidu.com,Nangka,Cross-group 5th generation matrices
Margaret,Freeman,mfreeman2r@histats.com,Mel’nikovo,Future-proofed multi-state superstructure
Julia,Mills,jmills2s@walmart.com,Sanjiang,Synchronised 3rd generation challenge
Kathryn,Phillips,kphillips2t@washington.edu,Igreja,Ergonomic uniform neural-net
Jeffrey,Gutierrez,jgutierrez2u@msn.com,Ganzi,Realigned 3rd generation focus group
Andrew,Price,aprice2v@eepurl.com,Grenoble,Innovative multi-state application
Kathy,Graham,kgraham2w@uiuc.edu,Pawa,Switchable bifurcated algorithm
Nancy,Robinson,nrobinson2x@purevolume.com,São Mamede de Infesta,Versatile non-volatile circuit
Teresa,Green,tgreen2y@php.net,Wan’an,Organized full-range internet solution
Willie,Hernandez,whernandez2z@archive.org,Flers,Visionary demand-driven migration
Stephanie,Chavez,schavez30@studiopress.com,Bailiang,Innovative next generation superstructure
Alice,Jordan,ajordan31@blogtalkradio.com,Mundri,Organized upward-trending focus group
Sandra,Franklin,sfranklin32@nasa.gov,Progreso,Face to face next generation productivity
Mark,Black,mblack33@tiny.cc,Los Patios,Diverse motivating data-warehouse
Justin,Collins,jcollins34@china.com.cn,Vođinci,Up-sized logistical hierarchy
Walter,Perry,wperry35@ed.gov,Matos da Ranha,Open-source zero tolerance throughput
Jimmy,Cole,jcole36@nhs.uk,Codó,Sharable 5th generation solution
Heather,Hayes,hhayes37@businesswire.com,Frei Paulo,Progressive well-modulated ability
Lillian,Howard,lhoward38@clickbank.net,Tlatah,Diverse contextually-based Graphic Interface
Jeremy,Bennett,jbennett39@walmart.com,Duntou,Grass-roots 4th generation interface
Jose,Hernandez,jhernandez3a@europa.eu,Zhongchuan,Streamlined fresh-thinking alliance
Arthur,Green,agreen3b@shareasale.com,Jiyang,Extended exuding installation
Sandra,Griffin,sgriffin3c@ning.com,Seattle,Cross-platform transitional service-desk
Keith,Gonzalez,kgonzalez3d@paginegialle.it,Yuanda,Realigned regional circuit
Emily,Hansen,ehansen3e@blogger.com,Calangain,Polarised modular frame
Roy,Fowler,rfowler3f@ycombinator.com,Magnitka,Digitized zero administration task-force
Tina,Grant,tgrant3g@nationalgeographic.com,Kowang Utara,Re-engineered secondary circuit
Steven,Morales,smorales3h@ebay.com,Madura,Extended real-time migration
William,Henry,whenry3i@sphinn.com,Port Louis,Fundamental empowering local area network
Craig,Mason,cmason3j@github.io,Sebeta,Diverse web-enabled middleware
Brian,Hansen,bhansen3k@nyu.edu,Qujiang,Open-architected analyzing frame
Michelle,Ford,mford3l@people.com.cn,Rajsko,User-centric 5th generation productivity
Margaret,Griffin,mgriffin3m@google.nl,Rtishchevo,Sharable systemic time-frame
Paula,Watson,pwatson3n@friendfeed.com,Ostružnica,Decentralized intermediate migration
Patricia,Wagner,pwagner3o@hibu.com,Khuma,Realigned contextually-based array
Stephen,Walker,swalker3p@ucoz.ru,Long Layu,Multi-tiered didactic application
William,Black,wblack3q@unblog.fr,Hedaru,Visionary homogeneous architecture
Bonnie,Grant,bgrant3r@godaddy.com,Bairro dos Marinheiros,Ergonomic content-based solution
Timothy,Russell,trussell3s@cam.ac.uk,‘Anat al Qadīmah,Assimilated full-range secured line
Norma,Riley,nriley3t@bandcamp.com,Pasarkayu,User-friendly 5th generation implementation
Ashley,Perez,aperez3u@google.pl,Hebian,Profound demand-driven paradigm
Marie,Kennedy,mkennedy3v@pinterest.com,Serra Negra,Business-focused disintermediate concept
Rachel,Bailey,rbailey3w@washingtonpost.com,Tunggulsari,Synergized scalable solution
Elizabeth,Fields,efields3x@google.com,Sillamäe,Persevering regional capability
Elizabeth,Woods,ewoods3y@springer.com,Kinloch,Pre-emptive web-enabled help-desk
Lillian,Payne,lpayne3z@ucoz.ru,Opaka,Multi-lateral maximized structure
Frank,Ruiz,fruiz40@seesaa.net,Zelenogorsk,Function-based foreground architecture
Philip,Burton,pburton41@ca.gov,Jelisavac,Multi-lateral user-facing strategy
Teresa,Hunt,thunt42@dedecms.com,San Joaquin,Triple-buffered multi-tasking hardware
Douglas,Sims,dsims43@apache.org,Njivice,Down-sized encompassing support
Jeremy,Hill,jhill44@e-recht24.de,Tungguwaneng,Ameliorated regional standardization
Russell,Clark,rclark45@zdnet.com,Zaqatala,Ameliorated coherent archive
Alice,Bryant,abryant46@loc.gov,La Mohammedia,Optimized background matrices
Lois,Kim,lkim47@icq.com,Dīla,Mandatory client-server internet solution
Ralph,Marshall,rmarshall48@virginia.edu,Fuenlabrada,Innovative neutral archive
Louise,Foster,lfoster49@typepad.com,Neuville,Profound attitude-oriented definition
Deborah,Lee,dlee4a@e-recht24.de,Pokhvistnevo,Monitored demand-driven functionalities
Bobby,Moore,bmoore4b@gravatar.com,Gyōda,Inverse interactive knowledge user
Helen,Ortiz,hortiz4c@about.me,Campinas,Grass-roots uniform local area network
Jose,Barnes,jbarnes4d@woothemes.com,Dulian,Distributed asynchronous workforce
Donna,Russell,drussell4e@networkadvertising.org,Xiekou,Reactive bi-directional help-desk
Nancy,Simmons,nsimmons4f@stanford.edu,Botucatu,Object-based systematic algorithm
Anne,Gray,agray4g@reddit.com,Acao,Profit-focused 4th generation help-desk
Sean,Lewis,slewis4h@xing.com,Sardasht,Progressive multimedia service-desk
Carl,Carpenter,ccarpenter4i@usatoday.com,Laocheng,Profit-focused upward-trending functionalities
Cynthia,Dixon,cdixon4j@blinklist.com,Rawuk,Focused fault-tolerant artificial intelligence
Julie,Sims,jsims4k@soundcloud.com,Muarabuliti,Exclusive maximized projection
James,Hill,jhill4l@cpanel.net,Banjar Jabejero,Self-enabling global open system
Robert,Arnold,rarnold4m@un.org,Victoria,Sharable empowering attitude
Justin,Johnson,jjohnson4n@xrea.com,Tigarunggu,Intuitive clear-thinking contingency
Anne,Cunningham,acunningham4o@umn.edu,Staryye Atagi,Front-line transitional circuit
Christopher,Kennedy,ckennedy4p@ning.com,Tamanan,Intuitive responsive standardization
Johnny,Torres,jtorres4q@telegraph.co.uk,Guanchi,Pre-emptive multi-tasking neural-net
Gloria,Ramirez,gramirez4r@free.fr,Wuquan,Sharable executive definition
Jose,Butler,jbutler4s@woothemes.com,Karangori,Adaptive interactive complexity
Stephen,Hayes,shayes4t@uol.com.br,Serra D'El Rei,Seamless actuating array
Wayne,Shaw,wshaw4u@etsy.com,Nivnice,Cross-platform full-range contingency
Steve,Lawson,slawson4v@networkadvertising.org,Jiancheng,Versatile transitional info-mediaries
Jennifer,Bell,jbell4w@army.mil,Doko,Customizable web-enabled alliance
Anna,Hicks,ahicks4x@lulu.com,Águia Branca,Integrated interactive algorithm
Dennis,Wilson,dwilson4y@yellowpages.com,Nagbacalan,Ergonomic didactic algorithm
Chris,Burton,cburton4z@dion.ne.jp,Montélimar,Realigned needs-based function
Diana,Ryan,dryan50@disqus.com,Vitry-sur-Seine,Grass-roots next generation conglomeration
Jimmy,Mendoza,jmendoza51@hostgator.com,Gimry,Multi-layered maximized help-desk
Adam,Edwards,aedwards52@wikispaces.com,Shuangpu,Ameliorated asynchronous forecast
Anne,Patterson,apatterson53@columbia.edu,Ciranca Satu,Centralized solution-oriented core
Andrea,Thomas,athomas54@mlb.com,Zhaocun,Synergistic holistic time-frame
Melissa,Duncan,mduncan55@ftc.gov,Kálymnos,Implemented content-based Graphic Interface
Shawn,Edwards,sedwards56@furl.net,Wuning,Implemented background open architecture
Brian,Nguyen,bnguyen57@bandcamp.com,Bahir Dar,Automated interactive process improvement
Lillian,Ramirez,lramirez58@netvibes.com,Yajiwa,Function-based well-modulated synergy
William,Young,wyoung59@wikia.com,Jacareí,Organic composite forecast
Charles,Dixon,cdixon5a@ask.com,Assis,Reactive executive concept
Fred,Morales,fmorales5b@goo.ne.jp,Bombon,Future-proofed non-volatile info-mediaries
Donald,Jacobs,djacobs5c@arstechnica.com,Adani,Re-engineered logistical complexity
Anthony,Frazier,afrazier5d@slate.com,Cazin,Multi-tiered content-based open architecture
Gregory,Fuller,gfuller5e@princeton.edu,Conner,Open-source well-modulated moratorium
Karen,Hamilton,khamilton5f@google.nl,Aguas Corrientes,Open-source systematic definition
Earl,Hawkins,ehawkins5g@baidu.com,Smara,Triple-buffered upward-trending paradigm
Johnny,Barnes,jbarnes5h@ustream.tv,Darma,Focused eco-centric product
Lori,Morales,lmorales5i@parallels.com,Adolfo Lopez Mateos,Distributed optimizing leverage
Amanda,Lee,alee5j@shutterfly.com,Banqiaodian,Object-based zero tolerance local area network
Carl,Castillo,ccastillo5k@usa.gov,Novoselë,Open-architected logistical open system
Nicole,Jordan,njordan5l@vk.com,Panyam,Programmable background instruction set
Kelly,Dixon,kdixon5m@issuu.com,Xiangzikou,Re-contextualized directional knowledge base
Martha,Alexander,malexander5n@ifeng.com,Áyioi Apóstoloi,Function-based systemic database
Dorothy,Ramos,dramos5o@latimes.com,Casal da Serra,Public-key composite firmware
Benjamin,Wells,bwells5p@nbcnews.com,Wuci,Polarised next generation orchestration
Ashley,Cooper,acooper5q@jalbum.net,Spiczyn,Decentralized empowering structure
Angela,Murphy,amurphy5r@technorati.com,Bahāwalpur,Face to face zero defect system engine
Marilyn,Carter,mcarter5s@posterous.com,Shuntian,Optimized secondary conglomeration
Jose,Ward,jward5t@liveinternet.ru,Tupiza,Inverse regional application
Martha,Gibson,mgibson5u@paginegialle.it,Lakeland,Universal discrete contingency
Julie,Myers,jmyers5v@smh.com.au,Qujing,Networked client-driven leverage
Arthur,Smith,asmith5w@go.com,Dalun,Fundamental optimizing software
Amy,Alexander,aalexander5x@adobe.com,Jincheng,Visionary value-added benchmark
Pamela,Taylor,ptaylor5y@house.gov,As Salţ,Up-sized grid-enabled monitoring
Ruby,Hill,rhill5z@chicagotribune.com,Vejprnice,Persistent stable service-desk
Teresa,Hart,thart60@amazon.com,Reims,Vision-oriented user-facing approach
Martin,Romero,mromero61@mit.edu,Rumphi,Down-sized global interface
Benjamin,Dean,bdean62@nih.gov,Manadhoo,Organic impactful concept
Victor,Chapman,vchapman63@cornell.edu,Phrae,Multi-lateral hybrid open system
Earl,Daniels,edaniels64@tmall.com,Kol’chugino,Triple-buffered background groupware
Kathryn,Hall,khall65@google.com.br,Xinglong,Object-based directional product
Anthony,Henderson,ahenderson66@vimeo.com,Dolní Lhota,Re-engineered web-enabled internet solution
Lori,Lawson,llawson67@marriott.com,Panorama,Ameliorated regional synergy
Douglas,Carter,dcarter68@auda.org.au,Banjar Kawan,Exclusive uniform matrix
Annie,Mccoy,amccoy69@ucoz.com,Erfurt,Virtual contextually-based website
Clarence,Mccoy,cmccoy6a@psu.edu,Shuangjie,Diverse bottom-line access
Carlos,Jacobs,cjacobs6b@google.it,Kondangrege,Mandatory background throughput
Peter,Washington,pwashington6c@epa.gov,Villa Santa Rita,Programmable dynamic productivity
Eugene,Snyder,esnyder6d@japanpost.jp,Santa Rosa de Lima,Fundamental zero tolerance neural-net
Tammy,Evans,tevans6e@wordpress.org,Marādah,Mandatory mission-critical process improvement
Diana,Peters,dpeters6f@vinaora.com,Berezne,Fully-configurable zero tolerance process improvement
Jesse,Lawrence,jlawrence6g@cdbaby.com,Hepingyizu,Synchronised systemic algorithm
Patricia,James,pjames6h@ucoz.ru,Feuknoni,Synchronised incremental monitoring
Betty,Hunt,bhunt6i@github.io,Nora,Front-line content-based model
Steven,Hunter,shunter6j@homestead.com,Buenos Aires,Optimized executive intranet
Martha,Parker,mparker6k@posterous.com,Viangxai,Business-focused well-modulated algorithm
Lillian,Wagner,lwagner6l@gov.uk,Shilong,Integrated global groupware
Diane,Snyder,dsnyder6m@blogger.com,Sidi Slimane,Total 24/7 customer loyalty
Carol,Daniels,cdaniels6n@netlog.com,Pobral,Compatible next generation productivity
Larry,Phillips,lphillips6o@time.com,"Villa Presidente Frei, Ñuñoa, Santiago, Chile",Streamlined regional extranet
Rebecca,Brooks,rbrooks6p@trellian.com,Trai Ngau,Optimized actuating leverage
Harold,Medina,hmedina6q@shinystat.com,Łęknica,Down-sized national artificial intelligence
Ann,Rice,arice6r@wired.com,Mainit,Assimilated clear-thinking forecast
Benjamin,Hudson,bhudson6s@europa.eu,Baisha,Ameliorated well-modulated hub
Joan,Ferguson,jferguson6t@blog.com,Gongji,Inverse high-level standardization
Amy,Perkins,aperkins6u@businessweek.com,Lucapon,Fundamental systemic success
Norma,Banks,nbanks6v@utexas.edu,Inicbulan,Stand-alone reciprocal infrastructure
Laura,Kim,lkim6w@bloomberg.com,Domampot,Vision-oriented web-enabled process improvement
Doris,Kim,dkim6x@omniture.com,Fengcheng,Switchable zero tolerance access
Kenneth,Stanley,kstanley6y@github.io,Vorontsovka,Networked system-worthy policy
Adam,Ross,aross6z@opera.com,Ulyanovsk,Diverse bifurcated emulation
Elizabeth,Owens,eowens70@ask.com,Punta de Piedra,Multi-layered heuristic website
Nancy,Duncan,nduncan71@github.com,Susanino,Managed context-sensitive customer loyalty
Mildred,King,mking72@51.la,Vale Boeiro,Polarised background Graphical User Interface
Kathy,Coleman,kcoleman73@google.com,Rulong,Focused neutral neural-net
Sarah,Wallace,swallace74@mozilla.org,Kopang Satu,Diverse mission-critical moratorium
Eugene,Jenkins,ejenkins75@technorati.com,Capelinha,Advanced executive hub
Joyce,Martinez,jmartinez76@constantcontact.com,Minante Segundo,Multi-channelled didactic instruction set
Walter,Howard,whoward77@deviantart.com,Zhangjiahe,Grass-roots neutral task-force
Richard,Mendoza,rmendoza78@over-blog.com,Lawesigalagala Timur,Horizontal intangible encryption
Juan,Morgan,jmorgan79@ed.gov,Mooka,Fully-configurable asynchronous definition
Anthony,Larson,alarson7a@yahoo.com,Uppsala,Synergized heuristic paradigm
Philip,Romero,promero7b@merriam-webster.com,Ourense,Synergistic needs-based moratorium
Sandra,Gonzales,sgonzales7c@harvard.edu,Krivyanskaya,Intuitive intermediate complexity
Larry,Ward,lward7d@ibm.com,Citeureup,Multi-layered heuristic parallelism
Janet,Fernandez,jfernandez7e@shinystat.com,Los Pinos,Reduced multimedia project
Joyce,Tucker,jtucker7f@utexas.edu,Freixo de Numão,User-friendly responsive support
Brandon,Cunningham,bcunningham7g@yale.edu,Leipzig,Multi-channelled eco-centric Graphical User Interface
Bonnie,Gilbert,bgilbert7h@hao123.com,Ganjur,Virtual full-range circuit
Nicholas,Howell,nhowell7i@census.gov,Cikeusal,Reactive grid-enabled ability
Roger,Marshall,rmarshall7j@theglobeandmail.com,Xiadian,Cross-group 6th generation benchmark
Rose,Rogers,rrogers7k@amazonaws.com,Pavlovka,Ameliorated intangible toolset
Russell,Price,rprice7l@csmonitor.com,Amancio,Sharable interactive functionalities
Timothy,Bennett,tbennett7m@google.nl,Kouloúra,Enterprise-wide static projection
Samuel,Ward,sward7n@gravatar.com,Gaopeng,Reduced content-based budgetary management
Adam,Bailey,abailey7o@t-online.de,Puzi,Exclusive grid-enabled portal
Alice,Morales,amorales7p@thetimes.co.uk,Eindhoven,Reduced discrete open system
Sandra,Myers,smyers7q@youtube.com,Montalvão,Switchable homogeneous intranet
Walter,Burns,wburns7r@techcrunch.com,Poja Nae,Distributed tangible project
Andrea,Schmidt,aschmidt7s@ed.gov,Zama,Digitized web-enabled data-warehouse
Deborah,Alvarez,dalvarez7t@google.com.hk,Zhonghekou,Future-proofed analyzing firmware
Lori,Patterson,lpatterson7u@clickbank.net,Jefferson City,Distributed uniform open architecture
Irene,Simmons,isimmons7v@spiegel.de,Vareiá,Progressive real-time customer loyalty
Ruth,Mccoy,rmccoy7w@1und1.de,Mariano Moreno,Focused human-resource encoding
Randy,Ford,rford7x@shinystat.com,Kuangyuan,Multi-channelled discrete parallelism
Christopher,Roberts,croberts7y@posterous.com,Senta,De-engineered systematic approach
Wanda,Hicks,whicks7z@berkeley.edu,Tabon,Programmable 3rd generation parallelism
Rose,Burton,rburton80@theglobeandmail.com,Qızılhacılı,Cross-platform content-based artificial intelligence
Stephen,Vasquez,svasquez81@fda.gov,Anjani Barat,Re-contextualized foreground standardization
Emily,Daniels,edaniels82@princeton.edu,Velyki Mezhyrichi,Focused client-driven moderator
Thomas,Lee,tlee83@si.edu,Itaguaçu,Open-source maximized application
Steven,Snyder,ssnyder84@washington.edu,Diadi,Cross-platform homogeneous website
Ruby,Crawford,rcrawford85@businesswire.com,Gasa,Balanced bottom-line groupware
Joe,Martinez,jmartinez86@seesaa.net,Al Bilād,Enterprise-wide multimedia support
Dorothy,Wheeler,dwheeler87@canalblog.com,Hultsfred,Function-based non-volatile algorithm
Helen,Smith,hsmith88@netvibes.com,Parigi,Ameliorated transitional intranet
Ryan,Larson,rlarson89@disqus.com,Xibu,Proactive secondary system engine
Jerry,Gardner,jgardner8a@cloudflare.com,Piña,Future-proofed optimal firmware
Eric,West,ewest8b@msn.com,Cabalawan,Digitized client-server service-desk
Craig,Ford,cford8c@about.com,Odzi,Pre-emptive bi-directional process improvement
Anne,Ford,aford8d@nbcnews.com,Weru,Exclusive contextually-based collaboration
Andrea,Butler,abutler8e@t-online.de,Ban Fang,Down-sized zero administration alliance
Julie,Diaz,jdiaz8f@xing.com,Dorūd,Implemented heuristic attitude
Phillip,Reid,preid8g@chronoengine.com,Beaune,Persistent bifurcated Graphical User Interface
Richard,Lane,rlane8h@alexa.com,Atar,Inverse asymmetric architecture
Amanda,Bishop,abishop8i@intel.com,Sanjiang,Object-based maximized application
Roger,Ray,rray8j@cpanel.net,Jawhar,Programmable holistic flexibility
Matthew,Spencer,mspencer8k@ox.ac.uk,Mapalacsiao,Upgradable high-level circuit
William,Garrett,wgarrett8l@yellowpages.com,Barra Mansa,Innovative 3rd generation paradigm
Linda,Hayes,lhayes8m@plala.or.jp,Huyang,User-centric asynchronous structure
Teresa,Chavez,tchavez8n@pinterest.com,Rauma,Diverse composite analyzer
Johnny,Bishop,jbishop8o@163.com,Osieck,Enterprise-wide transitional info-mediaries
Ruby,Thompson,rthompson8p@amazon.com,Nový Bor,Reverse-engineered modular conglomeration
Lawrence,Larson,llarson8q@zimbio.com,Cabinda,Universal composite methodology
Joseph,Baker,jbaker8r@typepad.com,Xindu,Function-based mission-critical capacity
Sharon,Gilbert,sgilbert8s@toplist.cz,Limoges,Pre-emptive heuristic conglomeration
Cheryl,Riley,criley8t@trellian.com,Chavão,Quality-focused holistic interface
Joe,Payne,jpayne8u@mapy.cz,Goczałkowice Zdrój,Re-engineered optimal focus group
Katherine,Kelley,kkelley8v@unesco.org,Dagsar,Progressive didactic collaboration
Victor,Brown,vbrown8w@alibaba.com,Pniewy,Cloned tertiary conglomeration
Alice,Scott,ascott8x@noaa.gov,Orda,Sharable non-volatile conglomeration
Laura,Hunt,lhunt8y@yellowpages.com,Maradi,Cross-group holistic interface
Doris,Campbell,dcampbell8z@cbc.ca,Gaoling,Optimized hybrid focus group
Arthur,Owens,aowens90@msu.edu,Cabrela,Synergized explicit access
Wanda,Morris,wmorris91@digg.com,Kunmi Erdi,Horizontal bandwidth-monitored concept
Johnny,Martinez,jmartinez92@japanpost.jp,Owczarnia,Distributed multi-tasking capability
Martha,Austin,maustin93@instagram.com,Geoktschai,Extended web-enabled hierarchy
Virginia,Martinez,vmartinez94@ihg.com,Lang,Seamless stable time-frame
Nicole,Meyer,nmeyer95@scientificamerican.com,Boston,Expanded grid-enabled function
Douglas,Simmons,dsimmons96@yellowbook.com,Basel,Secured 24 hour website
James,Jackson,jjackson97@drupal.org,Feni,Diverse fresh-thinking projection
Lillian,Graham,lgraham98@comsenz.com,Saint-Laurent-du-Var,User-centric composite protocol
Jessica,Austin,jaustin99@ameblo.jp,São Pedro de Trafaria,Vision-oriented disintermediate focus group
Linda,Banks,lbanks9a@home.pl,Hoima,Progressive client-server knowledge base
Louis,Lewis,llewis9b@studiopress.com,Jammāl,Streamlined regional circuit
Roy,Bennett,rbennett9c@google.co.jp,Fonte da Aldeia,Pre-emptive intangible challenge
Jack,Stone,jstone9d@irs.gov,Presidente Bernardes,Extended secondary methodology
Diana,Hamilton,dhamilton9e@phpbb.com,Owando,Inverse needs-based project
Melissa,Wells,mwells9f@businessweek.com,Garmeh,Automated encompassing utilisation
William,Schmidt,wschmidt9g@blinklist.com,Warungpeuteuy,Robust 5th generation policy
Jessica,Porter,jporter9h@sogou.com,Onsŏng,Compatible directional policy
Frances,Griffin,fgriffin9i@illinois.edu,Noebesa,Cross-platform discrete process improvement
Jeremy,Peters,jpeters9j@deliciousdays.com,Bail,Self-enabling transitional flexibility
Billy,Roberts,broberts9k@newsvine.com,Uusikaupunki,Fully-configurable explicit interface
Jimmy,Foster,jfoster9l@reddit.com,Sainte-Geneviève-des-Bois,Re-contextualized actuating knowledge base
Pamela,Boyd,pboyd9m@smugmug.com,Zavolzh’ye,Universal leading edge benchmark
Benjamin,Alexander,balexander9n@slideshare.net,Montpellier,Assimilated web-enabled protocol
Harold,Owens,howens9o@canalblog.com,Le Kremlin-Bicêtre,Exclusive systemic challenge
Keith,Cruz,kcruz9p@mashable.com,Groblersdal,Re-contextualized methodical firmware
Roger,George,rgeorge9q@linkedin.com,Barretos,Balanced bandwidth-monitored internet solution
Ernest,Ortiz,eortiz9r@ftc.gov,Vihāri,Cloned actuating neural-net
Sharon,Morgan,smorgan9s@csmonitor.com,Skore,Profit-focused transitional process improvement
Joan,Harper,jharper9t@moonfruit.com,Senada,Cross-group methodical capability
Lois,Hart,lhart9u@amazon.de,Wiyayu Barat,Fundamental bi-directional matrix
Virginia,Little,vlittle9v@theguardian.com,Taquara,Synchronised modular complexity
Gerald,Cunningham,gcunningham9w@posterous.com,Bodø,Business-focused multi-state database
Wayne,Taylor,wtaylor9x@istockphoto.com,Fao Rai,Visionary bi-directional challenge
Philip,Gonzales,pgonzales9y@guardian.co.uk,Gabrovo,Grass-roots bi-directional task-force
Jeffrey,Hernandez,jhernandez9z@feedburner.com,Nampera,Adaptive human-resource concept
Gary,Gutierrez,ggutierreza0@nationalgeographic.com,Komga,Centralized actuating orchestration
Louise,Ortiz,lortiza1@amazon.de,Parychy,Business-focused contextually-based middleware
Jonathan,Hart,jharta2@gov.uk,Duluth,Versatile attitude-oriented structure
Catherine,Morales,cmoralesa3@fastcompany.com,Prachuap Khiri Khan,Optimized responsive circuit
Jimmy,Hill,jhilla4@springer.com,Shanxia,Ameliorated maximized functionalities
Angela,Howell,ahowella5@patch.com,Katsuura,Enterprise-wide zero defect product
Shawn,Lopez,slopeza6@tinyurl.com,Uarini,Total object-oriented local area network
Janice,Day,jdaya7@sitemeter.com,Itaparica,Object-based tertiary paradigm
Phyllis,Harvey,pharveya8@eventbrite.com,Huamachuco,Optimized intermediate hub
Jack,Rice,jricea9@livejournal.com,Laventille,Open-source national middleware
Carlos,Ramirez,cramirezaa@mayoclinic.com,Wonotirto,Reverse-engineered attitude-oriented instruction set
Helen,Perry,hperryab@de.vu,Oslo,Total real-time process improvement
Paula,Mills,pmillsac@qq.com,Flórina,Vision-oriented 6th generation definition
Johnny,Peters,jpetersad@opera.com,Fukagawa,Networked dynamic forecast
Lawrence,Moreno,lmorenoae@etsy.com,Pápa,Right-sized mission-critical core
Doris,Woods,dwoodsaf@opensource.org,Privlaka,Balanced holistic definition
Bonnie,Fernandez,bfernandezag@dropbox.com,Whittier,Multi-lateral user-facing parallelism
Billy,Freeman,bfreemanah@cloudflare.com,Rybie,Networked directional synergy
Joe,Ruiz,jruizai@trellian.com,Likino-Dulevo,Quality-focused exuding internet solution
Susan,Woods,swoodsaj@naver.com,Porto-Novo,Multi-lateral demand-driven service-desk
Willie,Sullivan,wsullivanak@ustream.tv,Conner,Future-proofed 3rd generation intranet
Earl,Fuller,efulleral@instagram.com,Mascouche,Enterprise-wide directional infrastructure
Andrea,Hanson,ahansonam@va.gov,Girey,Multi-tiered motivating projection
Sandra,Ortiz,sortizan@comsenz.com,Waturoka,Operative object-oriented architecture
Marilyn,Hanson,mhansonao@geocities.jp,Jatibonico,Distributed client-driven open system
Juan,Nichols,jnicholsap@marriott.com,Xincheng Chengguanzhen,Triple-buffered tangible projection
Earl,Richardson,erichardsonaq@state.tx.us,Lambayong,Triple-buffered zero administration encoding
Willie,Reynolds,wreynoldsar@joomla.org,Ribeiro,Synergistic static model
Beverly,Bennett,bbennettas@mlb.com,Avlónas,Object-based optimal attitude
Susan,Brown,sbrownat@spotify.com,Chiang Khan,Reactive fault-tolerant standardization
Christine,Burke,cburkeau@newyorker.com,Karangpawitan,Compatible full-range productivity
Diana,Ray,drayav@foxnews.com,Xinzhai,User-centric zero administration matrix
Phyllis,Mason,pmasonaw@craigslist.org,Matangpayang,Ameliorated encompassing pricing structure
Carl,Carter,ccarterax@ucla.edu,Letsheng,Seamless scalable emulation
Kathleen,Murphy,kmurphyay@dion.ne.jp,Kedungbacin,Pre-emptive even-keeled function
Amanda,Wilson,awilsonaz@bravesites.com,Dengfeng,Phased bi-directional forecast
David,Payne,dpayneb0@baidu.com,Al Faḩāḩīl,Decentralized systemic open system
Todd,Robertson,trobertsonb1@rambler.ru,Debrzno,Re-contextualized static throughput
Patrick,Hunt,phuntb2@acquirethisname.com,Achada,Mandatory radical toolset
Joyce,Little,jlittleb3@shop-pro.jp,Guarenas,Operative secondary time-frame
Stephen,James,sjamesb4@cdbaby.com,Rushankou,Switchable composite instruction set
Timothy,Harper,tharperb5@vimeo.com,Gryazovets,Persistent mobile analyzer
Jessica,Ford,jfordb6@reverbnation.com,Aragarças,Front-line foreground flexibility
Jeffrey,Washington,jwashingtonb7@dagondesign.com,Ninomiya,Multi-tiered hybrid knowledge base
Ann,Harper,aharperb8@mayoclinic.com,San Francisco,Multi-tiered discrete project
Linda,Simmons,lsimmonsb9@salon.com,Licun,Assimilated high-level adapter
Ruth,Brown,rbrownba@china.com.cn,’Unābah,User-centric full-range solution
Russell,Cole,rcolebb@kickstarter.com,Muroran,Expanded coherent adapter
Emily,Gray,egraybc@goo.gl,Shuanglong,Diverse motivating capacity
Lawrence,Bishop,lbishopbd@home.pl,Birzai,Centralized client-server leverage
Harry,Kennedy,hkennedybe@yahoo.co.jp,Myshkin,De-engineered dedicated secured line
Melissa,Hunt,mhuntbf@nsw.gov.au,Araguari,Face to face zero defect synergy
Antonio,George,ageorgebg@mapy.cz,Sicamous,Assimilated client-driven secured line
Daniel,Smith,dsmithbh@tinyurl.com,Saint-Maixent-l'École,Integrated 24/7 protocol
Frank,Welch,fwelchbi@hud.gov,Qi’an,Ergonomic 3rd generation monitoring
Anthony,Wright,awrightbj@whitehouse.gov,Xinshi,Assimilated next generation approach
Kathy,Freeman,kfreemanbk@statcounter.com,Ipoh,Robust even-keeled database
Victor,Gordon,vgordonbl@fc2.com,Leiden,Stand-alone encompassing focus group
George,Bailey,gbaileybm@infoseek.co.jp,Porlamar,Advanced zero tolerance customer loyalty
Donna,Dean,ddeanbn@nhs.uk,Kasoa,Programmable full-range parallelism
Philip,Bishop,pbishopbo@privacy.gov.au,Ottawa,Implemented 6th generation encoding
Sandra,Sanchez,ssanchezbp@oracle.com,Lyon,Organized 6th generation strategy
Louis,Rogers,lrogersbq@geocities.com,Jinqu,Triple-buffered eco-centric system engine
Phillip,Chavez,pchavezbr@booking.com,Żyrardów,Down-sized demand-driven emulation
Brandon,Moore,bmoorebs@istockphoto.com,Zheleznodorozhnyy,Profit-focused solution-oriented secured line
Ann,Bennett,abennettbt@sciencedaily.com,Luci,Pre-emptive explicit instruction set
Keith,Smith,ksmithbu@timesonline.co.uk,Jawornik,Customer-focused clear-thinking groupware
Russell,Mcdonald,rmcdonaldbv@redcross.org,Wushishi,Progressive zero administration adapter
Lillian,Moreno,lmorenobw@plala.or.jp,Dukuhsawah,Horizontal homogeneous solution
Samuel,Carter,scarterbx@imdb.com,Reconquista,Multi-lateral real-time workforce
Jason,Ward,jwardby@geocities.jp,Moroni,Profit-focused mission-critical ability
Stephen,Murphy,smurphybz@biblegateway.com,Zhatay,Adaptive encompassing local area network
Timothy,Gonzales,tgonzalesc0@deviantart.com,Masinloc,Multi-lateral regional collaboration
Joan,Brown,jbrownc1@examiner.com,Daqingshan,Cross-group hybrid capability
Beverly,Phillips,bphillipsc2@google.ru,Sudoměřice,Persistent systemic instruction set
Christopher,Carroll,ccarrollc3@ning.com,Lanyi,Organic tertiary matrix
Mildred,Howard,mhowardc4@mail.ru,Boluo,Centralized zero tolerance circuit
Martin,Kelley,mkelleyc5@state.tx.us,Baishi,De-engineered needs-based hierarchy
Irene,Griffin,igriffinc6@mediafire.com,Gramaços,Expanded exuding array
Patrick,Nelson,pnelsonc7@prnewswire.com,Açu,Customizable leading edge help-desk
Christopher,George,cgeorgec8@slashdot.org,Springfield,Ergonomic bi-directional support
Norma,Dixon,ndixonc9@businesswire.com,Épernay,Upgradable intermediate projection
Cheryl,Arnold,carnoldca@seattletimes.com,Cáceres,Synchronised mission-critical circuit
Chris,Reed,creedcb@mit.edu,Kouloúra,Reverse-engineered tertiary hierarchy
Jane,Bradley,jbradleycc@cafepress.com,Sapouy,Mandatory background Graphic Interface
James,Pierce,jpiercecd@ftc.gov,Côte-Saint-Luc,Programmable mobile solution
Juan,Wright,jwrightce@loc.gov,Một Ngàn,Adaptive actuating productivity
Daniel,Carter,dcartercf@jimdo.com,Montpellier,Adaptive impactful installation
Janice,Little,jlittlecg@desdev.cn,Buenavista,Re-engineered bifurcated knowledge base
Carlos,Dunn,cdunnch@issuu.com,Zürich,Customer-focused composite frame
Billy,Walker,bwalkerci@cargocollective.com,Pochep,Enhanced disintermediate data-warehouse
Raymond,Dixon,rdixoncj@intel.com,Karvia,Optional upward-trending interface
Jimmy,Gilbert,jgilbertck@sohu.com,Ambulong,Customer-focused scalable protocol
Michael,Porter,mportercl@census.gov,Dupnitsa,Versatile 24/7 paradigm
George,Brooks,gbrookscm@vistaprint.com,Bektemir,Managed high-level flexibility
Robin,Phillips,rphillipscn@opensource.org,Washington,Configurable contextually-based database
Chris,Wagner,cwagnerco@networkadvertising.org,Villa Nueva,Cloned cohesive solution
Marie,White,mwhitecp@youku.com,Dazu,Enhanced 24/7 approach
Justin,Ryan,jryancq@businesswire.com,Lyon,Pre-emptive 24/7 intranet
Harold,Gomez,hgomezcr@nifty.com,Nongoma,Progressive solution-oriented service-desk
Jacqueline,Torres,jtorrescs@yale.edu,Gevgelija,Virtual radical definition
Fred,Young,fyoungct@yale.edu,Sambongmulyo,Multi-tiered logistical architecture
Phillip,Perry,pperrycu@myspace.com,Dongxi,Self-enabling client-driven forecast
George,Hunter,ghuntercv@wired.com,Guangyi,Vision-oriented asymmetric challenge
Karen,Andrews,kandrewscw@narod.ru,Chornyanka,Business-focused intangible internet solution
Roy,Elliott,relliottcx@army.mil,Huntington,Optional incremental forecast
Joshua,Moore,jmoorecy@paypal.com,Kungsbacka,Seamless uniform matrix
John,Harrison,jharrisoncz@mac.com,Sukamaju,Switchable even-keeled collaboration
Johnny,Fox,jfoxd0@wufoo.com,Mogocha,Seamless multi-tasking pricing structure
Rose,Rivera,rriverad1@adobe.com,Książki,Ergonomic next generation adapter
Karen,Lane,klaned2@gravatar.com,Longde Chengguanzhen,Phased content-based application
Judith,Dixon,jdixond3@usa.gov,Pevek,Devolved static knowledge user
Edward,Phillips,ephillipsd4@sciencedirect.com,Weepanapi,Secured well-modulated system engine
Melissa,Ross,mrossd5@wikipedia.org,Tangkil,Digitized heuristic encryption
Diane,Carter,dcarterd6@dailymail.co.uk,Beverwijk,Multi-lateral actuating customer loyalty
Philip,Adams,padamsd7@independent.co.uk,Gurupi,Function-based bi-directional open system
Cheryl,Allen,callend8@scientificamerican.com,Richmond,Networked leading edge initiative
Craig,Simmons,csimmonsd9@ucoz.com,Medvedok,Persevering intangible solution
Bonnie,Lee,bleeda@privacy.gov.au,Bodzechów,User-centric stable capability
Jean,Peterson,jpetersondb@jiathis.com,Rawa,Streamlined mission-critical algorithm
Harry,Hayes,hhayesdc@dell.com,Bang Bon,Persistent high-level firmware
Philip,Morris,pmorrisdd@youtu.be,Paranavaí,User-centric 6th generation portal
Peter,Ford,pfordde@flavors.me,Kentongan,Re-contextualized full-range archive
Andrew,Mccoy,amccoydf@irs.gov,Jacaltenango,Configurable high-level migration
Karen,Washington,kwashingtondg@dion.ne.jp,Cikembar,Reduced national protocol
Paula,Nelson,pnelsondh@google.co.uk,Pensacola,Team-oriented secondary Graphical User Interface
Christopher,Morgan,cmorgandi@de.vu,Sinmak,Synchronised bottom-line monitoring
Lisa,Anderson,landersondj@blinklist.com,Jandaia do Sul,Integrated scalable protocol
Sara,Sanders,ssandersdk@mapy.cz,Xinmen,Multi-layered upward-trending moderator
Emily,Mason,emasondl@dagondesign.com,Alexandria,Front-line 3rd generation attitude
Patrick,Gray,pgraydm@xinhuanet.com,Iganga,Adaptive secondary focus group
Nicole,Freeman,nfreemandn@forbes.com,Kostrzyn nad Odrą,Fundamental zero tolerance forecast
Gerald,Mason,gmasondo@nih.gov,Mthatha,Devolved well-modulated local area network
Amy,Kelly,akellydp@nba.com,Xilin Hot,Front-line transitional paradigm
Roy,Peterson,rpetersondq@sina.com.cn,Manakara,Function-based systemic attitude
Benjamin,Dixon,bdixondr@businesswire.com,Hengdaohezi,Progressive systemic database
Fred,Shaw,fshawds@ucla.edu,Saurama,Ameliorated interactive project
Jesse,Gomez,jgomezdt@mysql.com,Kultuk,Function-based context-sensitive migration
Frank,Wheeler,fwheelerdu@ustream.tv,San Antonio Huista,Programmable interactive moratorium
Robin,Gardner,rgardnerdv@soundcloud.com,Sangoleng,Diverse global methodology
